,0,1,2,3,4,5
0,6.111e-09,644,3.935484e-06,"[('PLMH', 274), ('LMHI', 275)]","('XP_047284421.1 ATP-dependent DNA helicase DDX11 isoform X33 [Homo sapiens]',)","[('PLMH', 274), ('LMHI', 275)]"
1,1.3420329999999998e-10,536,7.193296879999999e-08,"[('AEFR', 198), ('KRHN', 269), ('RHNP', 270)]","('NP_001268424.1 beta-catenin-like protein 1 isoform 2 [Homo sapiens]',)","[('AEFR', 198), ('KRHN', 269), ('RHNP', 270)]"
2,1.3420329999999998e-10,563,7.555645789999999e-08,"[('AEFR', 225), ('KRHN', 296), ('RHNP', 297)]","('NP_110517.2 beta-catenin-like protein 1 isoform 1 [Homo sapiens]',)","[('AEFR', 225), ('KRHN', 296), ('RHNP', 297)]"
3,8.749471499999999e-11,677,5.9233922054999994e-08,"[('AEFR', 579), ('EFRH', 580), ('VFFA', 595)]","('NP_001191232.1 amyloid-beta precursor protein isoform j precursor [Homo sapiens]',)","[('AEFR', 579), ('EFRH', 580), ('VFFA', 595)]"
4,8.749471499999999e-11,660,5.774651189999999e-08,"[('AEFR', 562), ('EFRH', 563), ('VFFA', 578)]","('NP_001129603.1 amyloid-beta precursor protein isoform g [Homo sapiens]',)","[('AEFR', 562), ('EFRH', 563), ('VFFA', 578)]"
5,1.3420329999999998e-10,453,6.079409489999999e-08,"[('AEFR', 115), ('KRHN', 186), ('RHNP', 187)]","('XP_011527219.1 beta-catenin-like protein 1 isoform X2 [Homo sapiens]',)","[('AEFR', 115), ('KRHN', 186), ('RHNP', 187)]"
6,1.3420329999999998e-10,536,7.193296879999999e-08,"[('AEFR', 198), ('KRHN', 269), ('RHNP', 270)]","('XP_024307715.1 beta-catenin-like protein 1 isoform X1 [Homo sapiens]',)","[('AEFR', 198), ('KRHN', 269), ('RHNP', 270)]"
7,8.749471499999999e-11,733,6.413362609499999e-08,"[('AEFR', 635), ('EFRH', 636), ('VFFA', 651)]","('NP_001191231.1 amyloid-beta precursor protein isoform i precursor [Homo sapiens]',)","[('AEFR', 635), ('EFRH', 636), ('VFFA', 651)]"
8,8.749471499999999e-11,714,6.247122651e-08,"[('AEFR', 616), ('EFRH', 617), ('VFFA', 632)]","('NP_001129602.1 amyloid-beta precursor protein isoform f precursor [Homo sapiens]',)","[('AEFR', 616), ('EFRH', 617), ('VFFA', 632)]"
9,8.749471499999999e-11,639,5.5909122884999995e-08,"[('AEFR', 541), ('EFRH', 542), ('VFFA', 557)]","('NP_001129601.1 amyloid-beta precursor protein isoform e precursor [Homo sapiens]',)","[('AEFR', 541), ('EFRH', 542), ('VFFA', 557)]"
10,8.749471499999999e-11,770,6.737093054999999e-08,"[('AEFR', 672), ('EFRH', 673), ('VFFA', 688)]","('NP_000475.1 amyloid-beta precursor protein isoform a precursor [Homo sapiens]',)","[('AEFR', 672), ('EFRH', 673), ('VFFA', 688)]"
11,8.749471499999999e-11,746,6.527105738999999e-08,"[('AEFR', 648), ('EFRH', 649), ('VFFA', 664)]","('NP_001129488.1 amyloid-beta precursor protein isoform d [Homo sapiens]',)","[('AEFR', 648), ('EFRH', 649), ('VFFA', 664)]"
12,8.749471499999999e-11,751,6.570853096499999e-08,"[('AEFR', 653), ('EFRH', 654), ('VFFA', 669)]","('NP_958816.1 amyloid-beta precursor protein isoform b precursor [Homo sapiens]',)","[('AEFR', 653), ('EFRH', 654), ('VFFA', 669)]"
13,3.07632e-12,682,2.09805024e-09,"[('HIKR', 391), ('IKRH', 392), ('KRHN', 393)]","('NP_001356465.1 BDNF/NT-3 growth factors receptor isoform h [Homo sapiens]',)","[('HIKR', 391), ('IKRH', 392), ('KRHN', 393)]"
14,3.07632e-12,810,2.4918192e-09,"[('HIKR', 519), ('IKRH', 520), ('KRHN', 521)]","('NP_001356463.1 BDNF/NT-3 growth factors receptor isoform g precursor [Homo sapiens]',)","[('HIKR', 519), ('IKRH', 520), ('KRHN', 521)]"
15,8.749471499999999e-11,695,6.080882692499999e-08,"[('AEFR', 597), ('EFRH', 598), ('VFFA', 613)]","('NP_958817.1 amyloid-beta precursor protein isoform c precursor [Homo sapiens]',)","[('AEFR', 597), ('EFRH', 598), ('VFFA', 613)]"
16,3.07632e-12,838,2.57795616e-09,"[('HIKR', 547), ('IKRH', 548), ('KRHN', 549)]","('NP_006171.2 BDNF/NT-3 growth factors receptor isoform a precursor [Homo sapiens]',)","[('HIKR', 547), ('IKRH', 548), ('KRHN', 549)]"
17,3.07632e-12,822,2.52873504e-09,"[('HIKR', 531), ('IKRH', 532), ('KRHN', 533)]","('XP_016870241.1 BDNF/NT-3 growth factors receptor isoform X2 [Homo sapiens]',)","[('HIKR', 531), ('IKRH', 532), ('KRHN', 533)]"
18,3.07632e-12,822,2.52873504e-09,"[('HIKR', 531), ('IKRH', 532), ('KRHN', 533)]","('NP_001018074.1 BDNF/NT-3 growth factors receptor isoform c precursor [Homo sapiens]',)","[('HIKR', 531), ('IKRH', 532), ('KRHN', 533)]"
19,3.07632e-12,666,2.04882912e-09,"[('HIKR', 375), ('IKRH', 376), ('KRHN', 377)]","('NP_001356464.1 BDNF/NT-3 growth factors receptor isoform i [Homo sapiens]',)","[('HIKR', 375), ('IKRH', 376), ('KRHN', 377)]"
20,8.749471499999999e-11,752,6.579602568e-08,"[('AEFR', 654), ('EFRH', 655), ('VFFA', 670)]","('NP_001191230.1 amyloid-beta precursor protein isoform h precursor [Homo sapiens]',)","[('AEFR', 654), ('EFRH', 655), ('VFFA', 670)]"
21,3.07632e-12,822,2.52873504e-09,"[('HIKR', 531), ('IKRH', 532), ('KRHN', 533)]","('NP_001356461.1 BDNF/NT-3 growth factors receptor isoform c precursor [Homo sapiens]',)","[('HIKR', 531), ('IKRH', 532), ('KRHN', 533)]"
22,3.07632e-12,822,2.52873504e-09,"[('HIKR', 531), ('IKRH', 532), ('KRHN', 533)]","('XP_011517020.1 BDNF/NT-3 growth factors receptor isoform X2 [Homo sapiens]',)","[('HIKR', 531), ('IKRH', 532), ('KRHN', 533)]"
23,3.07632e-12,838,2.57795616e-09,"[('HIKR', 547), ('IKRH', 548), ('KRHN', 549)]","('XP_005252061.1 BDNF/NT-3 growth factors receptor isoform X1 [Homo sapiens]',)","[('HIKR', 547), ('IKRH', 548), ('KRHN', 549)]"
24,8.749471499999999e-11,714,6.247122651e-08,"[('AEFR', 616), ('EFRH', 617), ('VFFA', 632)]","('NP_001372182.1 amyloid-beta precursor protein isoform k precursor [Homo sapiens]',)","[('AEFR', 616), ('EFRH', 617), ('VFFA', 632)]"
25,3.07632e-12,822,2.52873504e-09,"[('HIKR', 531), ('IKRH', 532), ('KRHN', 533)]","('NP_001356462.1 BDNF/NT-3 growth factors receptor isoform c precursor [Homo sapiens]',)","[('HIKR', 531), ('IKRH', 532), ('KRHN', 533)]"
26,3.07632e-12,838,2.57795616e-09,"[('HIKR', 547), ('IKRH', 548), ('KRHN', 549)]","('XP_047279389.1 BDNF/NT-3 growth factors receptor isoform X1 [Homo sapiens]',)","[('HIKR', 547), ('IKRH', 548), ('KRHN', 549)]"
27,3.07632e-12,838,2.57795616e-09,"[('HIKR', 547), ('IKRH', 548), ('KRHN', 549)]","('XP_047279388.1 BDNF/NT-3 growth factors receptor isoform X1 [Homo sapiens]',)","[('HIKR', 547), ('IKRH', 548), ('KRHN', 549)]"
28,3.07632e-12,838,2.57795616e-09,"[('HIKR', 547), ('IKRH', 548), ('KRHN', 549)]","('XP_005252058.1 BDNF/NT-3 growth factors receptor isoform X1 [Homo sapiens]',)","[('HIKR', 547), ('IKRH', 548), ('KRHN', 549)]"
29,3.07632e-12,838,2.57795616e-09,"[('HIKR', 547), ('IKRH', 548), ('KRHN', 549)]","('XP_005252060.1 BDNF/NT-3 growth factors receptor isoform X1 [Homo sapiens]',)","[('HIKR', 547), ('IKRH', 548), ('KRHN', 549)]"
30,3.07632e-12,838,2.57795616e-09,"[('HIKR', 547), ('IKRH', 548), ('KRHN', 549)]","('XP_016870240.1 BDNF/NT-3 growth factors receptor isoform X1 [Homo sapiens]',)","[('HIKR', 547), ('IKRH', 548), ('KRHN', 549)]"
31,3.07632e-12,822,2.52873504e-09,"[('HIKR', 531), ('IKRH', 532), ('KRHN', 533)]","('XP_016870242.1 BDNF/NT-3 growth factors receptor isoform X2 [Homo sapiens]',)","[('HIKR', 531), ('IKRH', 532), ('KRHN', 533)]"
