Description,P Value,Length of the Protein,P Value * Length,"Tetramers, Postion",Tetramers Filtered by Position Difference by 100,"Merged Tetramer, Position, ZValue"
"('WP_023373198.1 MULTISPECIES: hypothetical protein [Bacteria] >QAV32185.1 hypothetical protein SD1155_11695 [Sulfitobacter donghicola] >AGZ24763.1 hypothetical protein STP1_0452 [Staphylococcus pasteuri SP1] >KAB7644013.1 hypothetical protein F9280_11090 [Staphylococcus sp. B2-b] >MBN6853800.1 hypothetical protein [Staphylococcus warneri] >MBT2770327.1 hypothetical protein [Staphylococcus warneri]',)",2.7065538998624293e-05,102,0.002760684977859678,"[['SISS', 9], ['ISSL', 10]]","[['SISS', 9], ['ISSL', 10]]","[['SISSL', 9, 0.012437012981316683]]"
"('WP_001323889.1 MULTISPECIES: PAS domain-containing methyl-accepting chemotaxis protein [Bacteria] >AXN57531.1 aerotaxis sensor receptor protein [Escherichia phage P1] >EBH9668276.1 PAS domain S-box protein [Salmonella enterica subsp. enterica serovar 4,[5],12:i:-] >EBI0099290.1 PAS domain S-box protein [Salmonella enterica subsp. enterica serovar Johannesburg] >EBK1536422.1 PAS domain S-box protein [Salmonella enterica subsp. enterica serovar Kentucky] >EBR8335513.1 PAS domain S-box protein [Salmonella enterica subsp. enterica serovar Agona] >EBS0355567.1 PAS domain S-box protein [Salmonella enterica subsp. enterica serovar Java] >EBS5823391.1 PAS domain S-box protein [Salmonella enterica subsp. enterica serovar Stanley] >EBU9514634.1 PAS domain S-box protein [Salmonella enterica subsp. enterica serovar Virchow] >EBV6332858.1 PAS domain S-box protein [Salmonella enterica subsp. enterica serovar Berta] >EBV6456534.1 PAS domain S-box protein [Salmonella enterica subsp. enterica serovar Saintpaul] >EBW6040421.1 PAS domain S-box protein [Salmonella enterica subsp. enterica serovar Oranienburg] >EBW9141786.1 PAS domain S-box protein [Salmonella enterica subsp. enterica serovar Albany] >EBX0431924.1 PAS domain S-box protein [Salmonella enterica subsp. enterica serovar Bareilly] >EBX0486454.1 PAS domain S-box protein [Salmonella enterica subsp. enterica serovar Mbandaka] >EBX9928526.1 PAS domain S-box protein [Salmonella enterica subsp. enterica serovar Ohio] >ECA4611936.1 PAS domain S-box protein [Salmonella enterica subsp. enterica serovar Kedougou] >ECB4018055.1 PAS domain S-box protein [Salmonella enterica subsp. enterica serovar Haifa] >ECC9068204.1 PAS domain S-box protein [Salmonella enterica subsp. diarizonae] >ECD2980553.1 PAS domain S-box protein [Salmonella enterica subsp. enterica serovar Havana] >ECE8703452.1 PAS domain S-box protein [Salmonella enterica subsp. enterica serovar Schwarzengrund] >ECE9007558.1 PAS domain S-box protein [Salmonella enterica subsp. enterica serovar Manhattan] >ECI1004134.1 PAS domain S-box protein [Salmonella enterica subsp. enterica serovar Montevideo] >ECM1102479.1 PAS domain-containing protein [Salmonella enterica subsp. enterica serovar Altona] >ECS3422290.1 PAS domain S-box protein [Salmonella enterica subsp. enterica serovar Derby] >ECS8489682.1 PAS domain S-box protein [Salmonella enterica subsp. enterica serovar Brandenburg] >EDE6687443.1 PAS domain-containing protein [Salmonella enterica subsp. enterica serovar Apeyeme] >EDH8286587.1 chemotaxis protein [Salmonella enterica subsp. enterica serovar Livingstone] >EDL6323151.1 chemotaxis protein [Salmonella enterica subsp. enterica serovar Kottbus] >EDL8532987.1 chemotaxis protein [Salmonella enterica subsp. enterica serovar Poona] >EDR3406998.1 PAS domain-containing protein [Salmonella enterica subsp. enterica serovar Worthington] >EDU6369100.1 PAS domain-containing protein [Salmonella enterica subsp. houtenae serovar 40:z4,z24:-] >EDX3987706.1 PAS domain-containing protein [Salmonella enterica subsp. enterica serovar 4,[5],12:b:-] >EEV2754821.1 PAS domain-containing protein [Escherichia coli O139] >EEZ5651490.1 PAS domain-containing protein [Escherichia coli O20] >EEZ5681419.1 PAS domain-containing protein [Escherichia coli O25] >EEZ5879007.1 PAS domain-containing protein [Escherichia coli O102] >EEZ6015937.1 PAS domain-containing protein [Escherichia coli O171] >EEZ6033338.1 PAS domain-containing protein [Escherichia coli O21] >EEZ6179831.1 PAS domain-containing protein [Escherichia coli O65] >EEZ6969043.1 PAS domain-containing protein [Escherichia coli O9] >EEZ8703229.1 PAS domain-containing protein [Escherichia coli O91] >EEZ9623871.1 PAS domain-containing protein [Escherichia coli O32] >EEZ9764908.1 PAS domain-containing protein [Escherichia coli O115] >EFA4039864.1 PAS domain-containing protein [Escherichia coli O120:H10] >EFA4302716.1 PAS domain-containing protein [Escherichia coli O119] >EFA4460220.1 PAS domain S-box protein [Escherichia coli O153] >EFA5394265.1 PAS domain S-box protein [Escherichia coli O6] >EFA6574340.1 PAS domain-containing protein [Escherichia coli O157:NM] >EFA8202692.1 PAS domain-containing protein [Escherichia coli O157] >EFA8811177.1 PAS domain-containing protein [Escherichia coli O8:H49] >EFA8855258.1 PAS domain-containing protein [Escherichia coli O177] >EFB2695985.1 PAS domain S-box protein [Escherichia coli O157:H7] >EFB4129839.1 PAS domain-containing protein [Escherichia coli O100] >EFN6842052.1 PAS domain S-box protein [Escherichia coli H51] >EFN7255713.1 PAS domain S-box protein [Escherichia coli O43:H2] >EFO2082241.1 PAS domain S-box protein [Escherichia coli O409] >EFO3124143.1 PAS domain S-box protein [Escherichia coli O73] >EFO3133005.1 PAS domain S-box protein [Escherichia coli O109] >EFO3148189.1 PAS domain S-box protein [Escherichia coli O19] >EGB64443.1 methyl-accepting chemotaxis signaling domain-containing protein [Escherichia coli TA007] >EGH9436057.1 PAS domain-containing protein [Salmonella enterica subsp. enterica serovar Alachua] >EGO9530352.1 PAS domain-containing protein [Escherichia coli O24] >EGS0669666.1 PAS domain-containing protein [Salmonella enterica subsp. enterica serovar Reading] >EGW5586398.1 PAS domain-containing protein [Salmonella enterica subsp. enterica serovar Norwich] >EGX00903.1 aerotaxis receptor Aer [Escherichia coli G58-1] >EHD3290324.1 PAS domain-containing protein [Salmonella enterica subsp. enterica serovar 6,7,[14]:-:1,5] >EHE2124828.1 PAS domain-containing protein [Salmonella enterica subsp. enterica serovar Braenderup] >EHW9621719.1 PAS domain-containing methyl-accepting chemotaxis protein [Salmonella enterica subsp. enterica serovar Miami] >EII1146544.1 PAS domain-containing methyl-accepting chemotaxis protein [Escherichia coli O121] >EJH2857266.1 PAS domain-containing methyl-accepting chemotaxis protein [Salmonella enterica subsp. enterica serovar Muenchen] >MBA7930182.1 PAS domain-containing methyl-accepting chemotaxis protein [Klebsiella sp. RHBSTW-00215] >MBT1855444.1 PAS domain-containing protein [Enterobacter hormaechei subsp. hoffmannii] >OSL81448.1 methyl-accepting chemotaxis protein [Escherichia coli TA008] >PTN20368.1 PAS domain S-box protein [Escherichia sp. MOD1-EC6475] >QNU45792.1 PAS domain-containing methyl-accepting chemotaxis protein [Mixta calida] >QUZ57047.1 PAS domain-containing methyl-accepting chemotaxis protein [Salmonella enterica subsp. enterica serovar Dublin str. CFSAN000516] >TBL55424.1 PAS domain S-box protein [Obesumbacterium proteus] >TRL65354.1 PAS domain S-box protein [Citrobacter youngae] >TVT12117.1 PAS domain S-box protein [Enterococcus durans] >CDK61206.1 Aerotaxis sensor receptor protein [Klebsiella pneumoniae IS10] >BCT98837.1 methyl-accepting chemotaxis protein [uncultured bacterium] >HAD6723269.1 PAS domain S-box protein [Salmonella enterica subsp. enterica serovar Typhimurium str. SL1344] >HAI7521676.1 PAS domain-containing protein [Escherichia coli O25b:H4-ST131] >HAS1742388.1 PAS domain S-box protein [Enterobacter hormaechei subsp. oharae] >HAW9378176.1 PAS domain-containing protein [Escherichia coli O157:H7 str. EC10] >HAX0336060.1 PAS domain-containing protein [Escherichia coli JJ1999] >HAY6288373.1 PAS domain-containing protein [Shigella flexneri 4c] >HBW1522490.1 PAS domain-containing protein [Klebsiella quasipneumoniae subsp. similipneumoniae] >HBW8924291.1 PAS domain-containing protein [Klebsiella pneumoniae subsp. pneumoniae 1158] >HCB5531003.1 PAS domain-containing methyl-accepting chemotaxis protein [Salmonella enterica subsp. enterica serovar Vinohrady] >HCB5977366.1 PAS domain-containing methyl-accepting chemotaxis protein [Salmonella enterica subsp. enterica serovar Paratyphi A] >HCC7246828.1 PAS domain-containing methyl-accepting chemotaxis protein [Escherichia coli O141:H32]',)",2.7065538998624293e-05,525,0.014209407974277754,"[['SISS', 172], ['ISSL', 173]]","[['SISS', 172], ['ISSL', 173]]","[['SISSL', 172, 0.012437012981316683]]"
"('WP_039354507.1 MULTISPECIES: isoprenylcysteine carboxylmethyltransferase family protein [Bacteria] >UTP24857.1 isoprenylcysteine carboxylmethyltransferase family protein [Burkholderia sp. FXe9] >MBA9829320.1 isoprenylcysteine carboxylmethyltransferase family protein [Burkholderia contaminans] >MBA9835917.1 isoprenylcysteine carboxylmethyltransferase family protein [Burkholderia contaminans] >MBA9861464.1 isoprenylcysteine carboxylmethyltransferase family protein [Burkholderia contaminans] >MBA9905935.1 isoprenylcysteine carboxylmethyltransferase family protein [Burkholderia contaminans]',)",2.6668549149422346e-05,233,0.006213771951815407,"[['TAST', 113], ['LIPG', 227]]",[],"[['TAST', 113, 0.004143759990077099], ['LIPG', 227, 0.0064358334491583695]]"
"('WP_130083510.1 MULTISPECIES: CDP-diacylglycerol--glycerol-3-phosphate 3-phosphatidyltransferase [Bacteria] >KAA3165751.1 CDP-diacylglycerol--glycerol-3-phosphate 3-phosphatidyltransferase [Akkermansia sp. BIOML-A60] >KAA3167606.1 CDP-diacylglycerol--glycerol-3-phosphate 3-phosphatidyltransferase [Akkermansia sp. BIOML-A63] >KAA3174853.1 CDP-diacylglycerol--glycerol-3-phosphate 3-phosphatidyltransferase [Akkermansia sp. BIOML-A61] >KAA3196446.1 CDP-diacylglycerol--glycerol-3-phosphate 3-phosphatidyltransferase [Akkermansia sp. BIOML-A54] >KAA3222314.1 CDP-diacylglycerol--glycerol-3-phosphate 3-phosphatidyltransferase [Akkermansia sp. BIOML-A41] >KAA3243678.1 CDP-diacylglycerol--glycerol-3-phosphate 3-phosphatidyltransferase [Akkermansia sp. BIOML-A40] >MBS6779482.1 CDP-diacylglycerol--glycerol-3-phosphate 3-phosphatidyltransferase [Akkermansia sp.]',)",2.2245464442117657e-05,202,0.004493583817307766,"[['LNLP', 1], ['LPNT', 3]]","[['LNLP', 1], ['LPNT', 3]]","[['LNLPNT', 1, 0.0036085304173837434]]"
"('WP_142434919.1 MULTISPECIES: reverse transcriptase/maturase family protein [Bacteria] >MXS26873.1 hypothetical protein [Enterococcus gallinarum]',)",2.7065538998624293e-05,473,0.01280199994634929,"[['SISS', 272], ['ISSL', 273]]","[['SISS', 272], ['ISSL', 273]]","[['SISSL', 272, 0.012437012981316683]]"
"('WP_061458021.1 MULTISPECIES: HlyD family efflux transporter periplasmic adaptor subunit [Bacteria] >QBY34565.1 CycG [Bacillus cereus] >TFZ11466.1 efflux transporter periplasmic adaptor subunit [Bacillus cereus] >UUE91729.1 HlyD family efflux transporter periplasmic adaptor subunit [Bacillus cereus]',)",2.459708838665806e-05,397,0.00976504408950325,"[['SSSQ', 213], ['SSQA', 214]]","[['SSSQ', 213], ['SSQA', 214]]","[['SSSQA', 213, 0.0038218963528142084]]"
"('WP_002286185.1 MULTISPECIES: adenine deaminase [Bacteria] >AFC64602.1 adenine deaminase [Enterococcus faecium Aus0004] >MBP8750984.1 adenine deaminase [Enterococcus sp.] >MBU5552384.1 adenine deaminase [Enterococcus sp. S157_ASV_20] >MBU5579457.1 adenine deaminase [Enterococcus sp. S181_ASV_20] >MCF9993322.1 adenine deaminase [Campylobacter jejuni] >VTQ87239.1 adenine deaminase [Enterococcus hirae] >HAQ1348437.1 adenine deaminase [Enterococcus faecium Ef_RPH1] >HAQ1354121.1 adenine deaminase [Enterococcus faecium Ef_RPH3] >HAQ1360201.1 adenine deaminase [Enterococcus faecium Ef_aus0098] >HAQ1362882.1 adenine deaminase [Enterococcus faecium Ef_aus0094] >HAQ1366042.1 adenine deaminase [Enterococcus faecium Ef_RPH2] >HAQ1368977.1 adenine deaminase [Enterococcus faecium Ef_aus0100] >HAQ1371605.1 adenine deaminase [Enterococcus faecium Ef_aus0063] >HAQ1374562.1 adenine deaminase [Enterococcus faecium Ef_aus0080] >HAQ1377428.1 adenine deaminase [Enterococcus faecium Ef_aus0084] >HAQ1379924.1 adenine deaminase [Enterococcus faecium Ef_aus0091] >HAQ1383149.1 adenine deaminase [Enterococcus faecium Ef_aus0081] >HAQ1386663.1 adenine deaminase [Enterococcus faecium Ef_aus0057] >HAQ1389090.1 adenine deaminase [Enterococcus faecium Ef_aus0087] >HAQ1392135.1 adenine deaminase [Enterococcus faecium Ef_aus0040] >HAQ1395046.1 adenine deaminase [Enterococcus faecium Ef_aus0048] >HAQ1397955.1 adenine deaminase [Enterococcus faecium Ef_aus0071] >HAQ1404039.1 adenine deaminase [Enterococcus faecium Ef_aus0069] >HAQ1407836.1 adenine deaminase [Enterococcus faecium Ef_aus0050] >HAQ1410775.1 adenine deaminase [Enterococcus faecium Ef_aus0030] >HAQ1416405.1 adenine deaminase [Enterococcus faecium Ef_aus0018] >HAQ1582663.1 adenine deaminase [Enterococcus faecium Efm-HS0661]',)",2.459708838665806e-05,584,0.014364699617808308,"[['SSSQ', 387], ['SSQA', 388]]","[['SSSQ', 387], ['SSQA', 388]]","[['SSSQA', 387, 0.0038218963528142084]]"
"('WP_002883312.1 MULTISPECIES: lipid III flippase WzxE [Bacteria] >YP_005224439.1 entero common antigen translocase [Klebsiella pneumoniae subsp. pneumoniae HS11286] >AGT26575.1 entero common antigen translocase [Klebsiella pneumoniae JM45] >AKS02682.1 O-antigen translocase [Klebsiella pneumoniae UHKPC33] >EJK20556.1 O-antigen translocase [Klebsiella pneumoniae subsp. pneumoniae KPNIH19] >ENY59603.1 O-antigen translocase [Klebsiella pneumoniae subsp. pneumoniae KpMDU1] >MBP7671632.1 lipid III flippase WzxE [Klebsiella sp.] >MBT9349423.1 lipid III flippase WzxE [Providencia stuartii] >MBX8934702.1 lipid III flippase WzxE [Enterobacter sp. K62_1] >ONK50339.1 O-antigen translocase [Escherichia coli] >CDK96500.1 WzxE protein [Klebsiella pneumoniae IS33] >CDL10492.1 WzxE protein [Klebsiella pneumoniae IS43] >VFS36589.1 O-antigen translocase [Serratia liquefaciens] >HBY9177105.1 lipid III flippase WzxE [Klebsiella pneumoniae MGH 78578] >HBY9197677.1 lipid III flippase WzxE [Klebsiella pneumoniae CHS 01] >HBY9215198.1 lipid III flippase WzxE [Klebsiella pneumoniae CHS 04]',)",1.385000372132902e-05,416,0.0057616015480728726,"[['YLLP', 274], ['LLPT', 275], ['LIPA', 380]]","[['YLLP', 274], ['LLPT', 275]]","[['YLLPT', 274, 0.02105849762766547], ['LIPA', 380, 0.022023928998316768]]"
"('WP_166345511.1 MULTISPECIES: hypothetical protein [Bacteria] >NHM27157.1 hypothetical protein [Desulfofundulus sp. TPOSR] >QSS05785.1 DUF4350 domain-containing protein [Klebsiella pneumoniae]',)",1.4005718372130013e-05,815,0.01141466047328596,"[['SSQA', 742], ['FLPP', 802]]","[['SSQA', 742, 0.0064358334491583695], ['FLPP', 802, 0.002176208953008499]]","[['SSQA', 742, 0.0064358334491583695], ['FLPP', 802, 0.002176208953008499]]"
"('WP_171628227.1 MULTISPECIES: immunoglobulin domain-containing protein [Bacteria] >NOU53192.1 hypothetical protein [Pseudoalteromonas caenipelagi]',)",8.31724506046481e-06,728,0.006054954404018382,"[['SSSQ', 215], ['ISSL', 589]]",[],"[['SSSQ', 215, 0.0038218963528142084], ['ISSL', 589, 0.002176208953008499]]"
"('WP_130082960.1 MULTISPECIES: prepilin-type N-terminal cleavage/methylation domain-containing protein [Bacteria] >KAA3164216.1 hypothetical protein F2A01_03490 [Akkermansia sp. BIOML-A60] >KAA3166410.1 hypothetical protein F2A23_03160 [Akkermansia sp. BIOML-A63] >KAA3175064.1 hypothetical protein F2A07_00300 [Akkermansia sp. BIOML-A61] >KAA3197069.1 hypothetical protein F2A21_00295 [Akkermansia sp. BIOML-A54] >KAA3225523.1 hypothetical protein F1985_02950 [Akkermansia sp. BIOML-A41] >KAA3244307.1 hypothetical protein F1971_00960 [Akkermansia sp. BIOML-A40] >MBS6779840.1 prepilin-type N-terminal cleavage/methylation domain-containing protein [Akkermansia sp.]',)",2.459708838665806e-05,356,0.00875656346565027,"[['SSSQ', 96], ['SSQA', 97]]","[['SSSQ', 96], ['SSQA', 97]]","[['SSSQA', 96, 0.0038218963528142084]]"
"('WP_073637782.1 MULTISPECIES: hypothetical protein [Bacteria] >MCQ9186426.1 hypothetical protein [Streptomyces sp. IBSBF 2953] >NNB67997.1 hypothetical protein [Pseudomonas fluorescens] >OPB01239.1 hypothetical protein BFW91_29640 [Pseudomonas fluorescens] >UEL26187.1 hypothetical protein K6106_13040 [Pseudomonas fluorescens]',)",1.3791429241218062e-05,127,0.0017515115136346939,"[['LNLP', 58], ['SSSQ', 93]]","[['LNLP', 58, 0.0036085304173837434], ['SSSQ', 93, 0.0038218963528142084]]","[['LNLP', 58, 0.0036085304173837434], ['SSSQ', 93, 0.0038218963528142084]]"
"('WP_107566230.1 MULTISPECIES: polyribonucleotide nucleotidyltransferase [Bacteria] >QAV31616.1 polyribonucleotide nucleotidyltransferase [Sulfitobacter donghicola] >MBT2769295.1 polyribonucleotide nucleotidyltransferase [Staphylococcus warneri] >MBX7839316.1 polyribonucleotide nucleotidyltransferase [Staphylococcus warneri] >MCF7595416.1 polyribonucleotide nucleotidyltransferase [Staphylococcus warneri] >MCI2769050.1 polyribonucleotide nucleotidyltransferase [Staphylococcus warneri]',)",2.459708838665806e-05,699,0.017193364782273984,"[['SSSQ', 440], ['SSQA', 441]]","[['SSSQ', 440], ['SSQA', 441]]","[['SSSQA', 440, 0.0038218963528142084]]"
"('WP_174829506.1 MULTISPECIES: hypothetical protein [Bacteria] >AP_000214.1 100K [Human adenovirus 5] >P24933.1 RecName: Full=Shutoff protein; AltName: Full=100 kDa protein; Short=p100K; AltName: Full=100K-chaperone protein; AltName: Full=L4-100K; AltName: Full=Shutoff protein 100K [Human adenovirus 5] >AAQ19301.1 L4 100K [Human mastadenovirus C] >AZP53461.1 100K [Vector Cre.Ad] >AZP53491.1 100K [Vector LeuRS.Ad] >AZP53521.1 100K [Vector CFP.delAdPol.GFP] >AZP56020.1 100K [Vector AdCFP] >AZP56052.1 100K [Vector tTAwt.mCherry] >AZP56085.1 100K [Vector tTAmut.GFP] >AZP56122.1 100K [Vector AdEvolve-DEST] >AZP56158.1 100K [Vector delprot-delAdPol] >UVG42319.1 100K [unidentified adenovirus]',)",1.495288396653097e-05,807,0.012066977360990492,"[['TAST', 18], ['LNLP', 269]]",[],"[['TAST', 18, 0.004143759990077099], ['LNLP', 269, 0.0036085304173837434]]"
"('WP_033686543.1 MULTISPECIES: CdaR family protein [Bacteria] >KEQ39025.1 ybbR-like family protein [Streptococcus mitis] >KJQ69549.1 YbbR-like protein [Streptococcus mitis] >MBZ2107217.1 hypothetical protein [Streptococcus mitis] >MBZ2114501.1 hypothetical protein [Streptococcus mitis]',)",1.1955818286262165e-06,259,0.00030965569361419005,"[['ISSL', 8], ['LLPT', 184], ['APSS', 230]]","[['LLPT', 184, 0.029862606227231376], ['APSS', 230, 0.018397169317048725]]","[['ISSL', 8, 0.002176208953008499], ['LLPT', 184, 0.029862606227231376], ['APSS', 230, 0.018397169317048725]]"
"('WP_062810423.1 MULTISPECIES: helicase-related protein [Bacteria] >AMS10691.1 DNA helicase [Erysipelothrix rhusiopathiae] >VIE93719.1 DNA/RNA helicase [Clostridioides difficile] >AWU41950.1 DNA helicase [Erysipelothrix rhusiopathiae] >AYC07678.1 Superfamily II DNA and RNA helicase [Erysipelothrix rhusiopathiae] >MBR8822569.1 hypothetical protein [Fusobacterium necrophorum]',)",4.6845606018065127e-07,2547,0.0011931575852801189,"[['LPNT', 999], ['LNLP', 1868], ['LPDD', 1935]]","[['LNLP', 1868, 0.0036085304173837434], ['LPDD', 1935, 0.02105849762766547]]","[['LPNT', 999, 0.006164688077715044], ['LNLP', 1868, 0.0036085304173837434], ['LPDD', 1935, 0.02105849762766547]]"
"('WP_002300833.1 MULTISPECIES: PTS sugar transporter subunit IIA [Bacteria] >MBU5554197.1 PTS sugar transporter subunit IIA [Enterococcus sp. S157_ASV_20] >HAQ1361642.1 PTS transporter subunit EIIA [Enterococcus faecium Ef_aus0098] >HAQ1411783.1 PTS transporter subunit EIIA [Enterococcus faecium Ef_aus0030] >HAQ1417435.1 PTS transporter subunit EIIA [Enterococcus faecium Ef_aus0018] >ALZ53565.1 transcriptional antiterminator [Enterococcus faecium]',)",7.852916201514e-06,648,0.005088689698581072,"[['LNLP', 262], ['ISSL', 447]]",[],"[['LNLP', 262, 0.0036085304173837434], ['ISSL', 447, 0.002176208953008499]]"
"('WP_080674639.1 MULTISPECIES: penicillin-binding protein 2B [Bacteria] >MBW8106994.1 penicillin-binding protein 2B [Streptococcus pseudopneumoniae] >MBW8145389.1 penicillin-binding protein 2B [Streptococcus pseudopneumoniae] >NIB63667.1 penicillin-binding protein 2 [Streptococcus pseudopneumoniae] >NIB78359.1 penicillin-binding protein 2 [Streptococcus pseudopneumoniae] >TMR53143.1 penicillin-binding protein 2 [Streptococcus pseudopneumoniae]',)",5.699595887940169e-07,685,0.0003904223183239016,"[['SISS', 109], ['ISSL', 110], ['SLNL', 112]]","[['SISS', 109], ['ISSL', 110], ['SLNL', 112, 0.02105849762766547]]","[['SISSL', 109, 0.012437012981316683], ['SLNL', 112, 0.02105849762766547]]"
"('WP_001084980.1 MULTISPECIES: sugar ABC transporter permease [Bacteria] >ETE09010.1 ABC transporter permease [Streptococcus pseudopneumoniae G42] >AEL11120.1 ABC superfamily transporter membrane protein [Streptococcus pseudopneumoniae IS7493] >EID30143.1 ABC transporter, permease protein [Streptococcus pseudopneumoniae ATCC BAA-960 = CCUG 49455] >EID70740.1 ABC transporter, permease protein [Streptococcus pseudopneumoniae SK674] >ETD95132.1 ABC transporter permease [Streptococcus pseudopneumoniae 1321]',)",1.653706171998383e-07,305,5.0438038245950685e-05,"[['FLPP', 93], ['SLNL', 247], ['LNLP', 248]]","[['SLNL', 247], ['LNLP', 248]]","[['FLPP', 93, 0.002176208953008499], ['SLNLP', 247, 0.02105849762766547]]"
"('WP_110225544.1 MULTISPECIES: carbohydrate binding domain-containing protein [Bacteria] >MBS6112409.1 carbohydrate binding domain-containing protein [Citrobacter freundii] >PXI86519.1 hypothetical protein DMR15_24775 [Klebsiella pneumoniae]',)",5.714837269573877e-08,3515,0.00020087653002552177,"[['SSSQ', 12], ['LNLP', 523], ['TAST', 3211]]",[],"[['SSSQ', 12, 0.0038218963528142084], ['LNLP', 523, 0.0036085304173837434], ['TAST', 3211, 0.004143759990077099]]"
"('WP_049516481.1 MULTISPECIES: hypothetical protein [Bacteria]',)",2.725317460798577e-06,132,0.00035974190482541214,"[['TAST', 47], ['LLPT', 59], ['LIPA', 101]]","[['TAST', 47, 0.004143759990077099], ['LLPT', 59, 0.029862606227231376], ['LIPA', 101, 0.022023928998316768]]","[['TAST', 47, 0.004143759990077099], ['LLPT', 59, 0.029862606227231376], ['LIPA', 101, 0.022023928998316768]]"
"('WP_045605839.1 MULTISPECIES: sugar ABC transporter permease [Bacteria] >RKW02666.1 sugar ABC transporter permease [Streptococcus sp.] >KJQ74519.1 binding-protein-dependent transport system membrane protein [Streptococcus mitis] >MBW8116327.1 sugar ABC transporter permease [Streptococcus pseudopneumoniae] >MBZ2107171.1 sugar ABC transporter permease [Streptococcus mitis] >MBZ2114956.1 sugar ABC transporter permease [Streptococcus mitis]',)",1.653706171998383e-07,305,5.0438038245950685e-05,"[['FLPP', 93], ['SLNL', 247], ['LNLP', 248]]","[['SLNL', 247], ['LNLP', 248]]","[['FLPP', 93, 0.002176208953008499], ['SLNLP', 247, 0.02105849762766547]]"
"('WP_032723026.1 MULTISPECIES: Tn3 family transposase [Bacteria] >EJD6078314.1 Tn3 family transposase [Citrobacter freundii] >UWC49544.1 Tn3 family transposase [Klebsiella aerogenes] >HBW1522253.1 Tn3 family transposase [Klebsiella quasipneumoniae subsp. similipneumoniae] >ART03338.1 DDE transposase [Klebsiella pneumoniae] >ART03429.1 DDE transposase [Klebsiella pneumoniae]',)",3.442979259042779e-06,995,0.003425764362747565,"[['LPDD', 17], ['YLIP', 487], ['SLNL', 800]]",[],"[['LPDD', 17, 0.02105849762766547], ['YLIP', 487, 0.007763894728887589], ['SLNL', 800, 0.02105849762766547]]"
"('WP_005825755.1 MULTISPECIES: site-specific integrase [Bacteria] >KAA4725163.1 site-specific integrase [Bacteroides fragilis] >EDO55541.1 site-specific recombinase, phage integrase family [Bacteroides uniformis ATCC 8492] >KAB4026673.1 site-specific integrase [Bacteroides uniformis] >KDS52199.1 phage integrase family protein [Bacteroides uniformis str. 3978 T3 ii] >KDS55291.1 phage integrase family protein [Bacteroides uniformis str. 3978 T3 i]',)",1.3415649387228233e-05,317,0.00425276085575135,"[['ISSL', 120], ['LPNT', 136]]","[['ISSL', 120, 0.002176208953008499], ['LPNT', 136, 0.006164688077715044]]","[['ISSL', 120, 0.002176208953008499], ['LPNT', 136, 0.006164688077715044]]"
"('WP_080551815.1 MULTISPECIES: DUF3465 domain-containing protein [Bacteria] >SPY31186.1 Protein of uncharacterised function (DUF3465) [Photobacterium damselae] >SPY46061.1 Protein of uncharacterised function (DUF3465) [Photobacterium damselae] >SUB91773.1 Protein of uncharacterised function (DUF3465) [Photobacterium damselae]',)",5.699595887940169e-07,162,9.233345338463074e-05,"[['SISS', 12], ['ISSL', 13], ['LPDD', 79]]","[['SISS', 12], ['ISSL', 13], ['LPDD', 79, 0.02105849762766547]]","[['SISSL', 12, 0.012437012981316683], ['LPDD', 79, 0.02105849762766547]]"
